203658457,coach
586924587,Assistant Coach
256045789,doctor
205468925,paramedic
570862493,coach
110256845,Assistant Coach
230546892,doctor
402789362,paramedic
302157486,coach
311566208,Assistant Coach
500264871,doctor
203566480,paramedic
240057163,coach
880153679,Assistant Coach
110232151,doctor
203141232,paramedic
345068102,coach
236650142,Assistant Coach
998057620,doctor
425600317,paramedic
203549982,coach
532062456,Assistant Coach
201546623,doctor
230560114,paramedic
235600142,coach
258520258,Assistant Coach
147410147,doctor
369306932,paramedic
321456022,coach
542684509,Assistant Coach
548796320,doctor
258741036,paramedic
